Job Title,Company Name,Job Location,Job Description,Job Salary,Job Post,Job Link
Remote Information Entry Clerk,Asap Systems,"Frisco, TX",Proficient in using data entry software and tools. Collaborate with team members to improve data entry processes. Resolve discrepancies and errors in data.,$25 an hour,1h,https://www.simplyhired.com/job/-uTTjV6cJRfGBhUJxX_mqNbIRR1Gt-yYkeczezMVHLPmF7sSUwVfgg
Remote Online Chat Support Agent,Asap Systems,"Sioux Falls, SD",Assist customers with technical issues and troubleshoot problems with our online platforms. Maintain accurate and up-to-date records of customer interactions…,$24 an hour,1h,https://www.simplyhired.com/job/rgWh-rfqawJi4t9rIUc99lyVym8DcQzqqMb9G2JIiUsAtB3eoN9DCA
Remote Records Processor,Asap Systems,"Newport News, VA",Maintaining physical and electronic filing systems. Assisting with the implementation of new record management systems and processes.,$25 an hour,1h,https://www.simplyhired.com/job/O8NqWLBpe1yfpugE8K8oZupFXQGEnFRnxsZ3g6wq47Ah5ZXA1EE0CA
Produce (Fruit and Vegetable) Broker,Planet Harvest,Remote,Develop and implement effective sales strategies that emphasize the value and benefits of our services focusing on the food bank system.,"$90,000 - $120,000 a year",2d,https://www.simplyhired.com/job/IjTtRwi0mfjckIneVfc6RY3WHZw4c4O9AVDuGcj4MoEZ7ibOts1CcQ
Remote/ Office - Information Entry Analyst,HPA Strategies,"Miramar, FL","Proven experience in data entry or related field. Proficient in data entry software and tools. As an Information Entry Analyst, you will play a crucial role in…",$26 an hour,1h,https://www.simplyhired.com/job/_IO5M5qqRmgsRklVOcfqsYepJaVYST5XAmQ7KLv2gG7qhiANzUrKbg
Remote Customer Support Specialist,Asap Systems,"Germantown, MD","Respond to incoming customer inquiries via phone, email, and chat in a professional and timely manner. Diagnose and troubleshoot technical issues reported by…",$25 an hour,1h,https://www.simplyhired.com/job/To0kJwjtHEVrxRLEKBNKXVsL-U3IvVhiCLgwQ01ICCfvTRELQnl2Sg
Remote Data Processor,Asap Systems,"Glendale, CA",Strong attention to detail and accuracy in data entry. Generate reports and provide data analysis to support decision-making.,$25 an hour,1h,https://www.simplyhired.com/job/wlJcB_l6QBuzLcoGozOOyYimP_U9smyC6ywr48LWPt4_WrV9-7oODw
Remote Contact Center Agent,Asap Systems,"Orlando, FL","Answer incoming calls and respond to customer inquiries or concerns in a professional and courteous manner. As a Contact Center Agent, you will be responsible…",$24 an hour,1h,https://www.simplyhired.com/job/4PV-Z2UPGNOjDKRjFjytVu3ttOdlywQY0i1pW1UN11Hb2RETEzRDRw
Data Processing Specialist - Remote/Office,Asap Systems,"Gresham, OR",Proficient in Microsoft Excel and other data analysis tools. Perform data entry tasks with a high level of accuracy and attention to detail.,$25 an hour,1h,https://www.simplyhired.com/job/z-7eV8VQi2cVr8LOm-e8m7cze8LSccV77M0_irjsVqAkyzTkbCjv2Q
Live Chat Support Representative,The Driscoll Group,"Huntsville, AL","1-2 years of experience in customer support, preferably in a live chat or technical support role. Strong typing skills and accuracy (30+ wpm).",$17 - $21 an hour,1h,https://www.simplyhired.com/job/FaRm3WFAsO3DyMD9Wh8mY0KYo9J8pvOV6AugtuWIHlrxP0bWdj0xig
Remote Information Processing Clerk,Asap Systems,"Dayton, OH",Knowledge of data entry software and systems. Contribute to the development and implementation of data management policies and procedures.,$25 an hour,1h,https://www.simplyhired.com/job/vhFcU4SYlA5i8YbCU7x4kCrefR243WzYEQY6ceJEza03iJrZnTU3Gg
Clinical Document Specialist,Talent Groups,Remote,"Collaborate closely with TMF specialists to guarantee the precision and timeliness of TMF filings for all GCS studies, especially in preparation for audits and…",Up to $60 an hour,22h,https://www.simplyhired.com/job/jz4Rh-0sY8z3TdkR_llmaAUAs-buZ7Y5472MmAwfblTcnYDqFhlNxA
Data Administration Clerk - In Office or Home,HPA Strategies,"Columbia, MO",High school diploma or equivalent; additional certification in data administration is a plus. Proven experience in data entry or administrative role.,$26 an hour,1h,https://www.simplyhired.com/job/N4FqCwKxOyENnb1t5uzXR3dXO90cY12tPBoUgBa3fQvPhuoxzo5wfA
Content Creator,Simply Earth,Remote,"In person or remote working options. You make a creative to sell one of your core products, see how it goes, and then make another one based on that data.",$17 - $35 an hour,21h,https://www.simplyhired.com/job/zzKusaF5LDWMCTQ5MRGhNQ1wiImBa6XEE9bEOJeF3ADWF122QgK31A
Creator Partnerships Assistant,DFTBA Records,Remote,"Monitor and manage email correspondence, responding to inquiries and requests regarding contracts, royalty reports and payments. Status: Full Time, Non-Exempt.",From $21 an hour,1d,https://www.simplyhired.com/job/sF1-E2G3aDvH9I3edw0XtilUBe66PX76FMOu57tVFGkvyTsy8fVQ-g
Accessibility Testers,PSRTEK,Remote,"Excellent verbal and written communication. 5+ years of digital accessibility testing. Knowledge of Accessibility best practices and guidelines: ADA, WCAG,…","$70,771.85 - $149,101.58 a year",10d,https://www.simplyhired.com/job/QejAekQlLFcQjxCeoHSbY9jRnyhe-P7TRgCvajgXxspZ5vfVC2o1KQ
Brand Designer,Modern Health,Remote,"Experience working with web developer to develop website pages. Design and development of marketing materials, including: website pages, presentations, print…","$80,600 - $94,800 a year",14h,https://www.simplyhired.com/job/zQ6putR8ToNIq7MGPnO0Be4Z9GNt4cEn8wPC6x59L1UA_1T-Fn2omA
Hospitality & Maintenance Opportunity for a couple,Alaska Remote Lodge,Remote,- Solid mechanical aptitude; boat operation skills a plus*. An Alaska remote lodge is seeking an adventurous couple with a passion for the great outdoors and a…,"From $6,000 a month",3d,https://www.simplyhired.com/job/YCXwnR4S_Qel-BTwTLpKPoS7kkRkjeQKuI-YF-dt5fWV4tVM1rwGQg
Executive Assistant,"Arbor Platform, Inc.",Remote,"Screen and respond to emails, phone calls, and inquiries, handling them with professionalism and discretion. The primary objectives of this position will be to…",$20 - $30 an hour,15h,https://www.simplyhired.com/job/QDVjiFL7Nyo9NdHMIcBiIog5gl8p1SKqyMXfJxH1uN3EGcVidkMGdw
Remote Information Entry Clerk,Asap Systems,"Frisco, TX",Proficient in using data entry software and tools. Collaborate with team members to improve data entry processes. Resolve discrepancies and errors in data.,$25 an hour,1h,https://www.simplyhired.com/job/-uTTjV6cJRfGBhUJxX_mqNbIRR1Gt-yYkeczezMVHLPmF7sSUwVfgg
Remote Online Chat Support Agent,Asap Systems,"Modesto, CA","In this role, you will have the opportunity to assist customers with various inquiries, troubleshoot technical issues, and ensure a positive customer experience…",$24 an hour,1h,https://www.simplyhired.com/job/bRhOeZAzQgXxsRDv2BB39A3rfTm4zR8dnZ-Uu5SC_x_nZA8O9tkP1A
Produce (Fruit and Vegetable) Broker,Planet Harvest,Remote,"This critical role is centered around enhancing our sales strategy, expanding our network of growers and end-users, and ultimately driving our mission forward…","$90,000 - $120,000 a year",2d,https://www.simplyhired.com/job/IjTtRwi0mfjckIneVfc6RY3WHZw4c4O9AVDuGcj4MoEZ7ibOts1CcQ
Remote Records Processor,Asap Systems,"Newport News, VA",Maintaining physical and electronic filing systems. Assisting with the implementation of new record management systems and processes.,$25 an hour,1h,https://www.simplyhired.com/job/O8NqWLBpe1yfpugE8K8oZupFXQGEnFRnxsZ3g6wq47Ah5ZXA1EE0CA
Remote Customer Support Specialist,Asap Systems,"Germantown, MD","Respond to incoming customer inquiries via phone, email, and chat in a professional and timely manner. Diagnose and troubleshoot technical issues reported by…",$25 an hour,1h,https://www.simplyhired.com/job/To0kJwjtHEVrxRLEKBNKXVsL-U3IvVhiCLgwQ01ICCfvTRELQnl2Sg
Remote Data Processor,Asap Systems,"Glendale, CA",Strong attention to detail and accuracy in data entry. Generate reports and provide data analysis to support decision-making.,$25 an hour,1h,https://www.simplyhired.com/job/wlJcB_l6QBuzLcoGozOOyYimP_U9smyC6ywr48LWPt4_WrV9-7oODw
Data Processing Specialist - Remote/Office,Asap Systems,"Gresham, OR",Proficient in Microsoft Excel and other data analysis tools. Perform data entry tasks with a high level of accuracy and attention to detail.,$25 an hour,1h,https://www.simplyhired.com/job/z-7eV8VQi2cVr8LOm-e8m7cze8LSccV77M0_irjsVqAkyzTkbCjv2Q
Remote/ Office - Information Entry Analyst,HPA Strategies,"Miramar, FL","Proven experience in data entry or related field. Proficient in data entry software and tools. As an Information Entry Analyst, you will play a crucial role in…",$26 an hour,1h,https://www.simplyhired.com/job/_IO5M5qqRmgsRklVOcfqsYepJaVYST5XAmQ7KLv2gG7qhiANzUrKbg
Remote Contact Center Agent,Asap Systems,"Orlando, FL","Answer incoming calls and respond to customer inquiries or concerns in a professional and courteous manner. As a Contact Center Agent, you will be responsible…",$24 an hour,1h,https://www.simplyhired.com/job/4PV-Z2UPGNOjDKRjFjytVu3ttOdlywQY0i1pW1UN11Hb2RETEzRDRw
Live Chat Support Representative,The Driscoll Group,"Huntsville, AL","1-2 years of experience in customer support, preferably in a live chat or technical support role. Strong typing skills and accuracy (30+ wpm).",$17 - $21 an hour,1h,https://www.simplyhired.com/job/FaRm3WFAsO3DyMD9Wh8mY0KYo9J8pvOV6AugtuWIHlrxP0bWdj0xig
Remote Information Processing Clerk,Asap Systems,"Dayton, OH",Knowledge of data entry software and systems. Contribute to the development and implementation of data management policies and procedures.,$25 an hour,1h,https://www.simplyhired.com/job/vhFcU4SYlA5i8YbCU7x4kCrefR243WzYEQY6ceJEza03iJrZnTU3Gg
Data Administration Clerk - In Office or Home,HPA Strategies,"Columbia, MO",High school diploma or equivalent; additional certification in data administration is a plus. Proven experience in data entry or administrative role.,$26 an hour,1h,https://www.simplyhired.com/job/N4FqCwKxOyENnb1t5uzXR3dXO90cY12tPBoUgBa3fQvPhuoxzo5wfA
Remote Market Development Representative (Entry Level),Pierre Strand,Remote,\*\*Duties:\*\* - Engage in sales activities to drive company revenue and growth - Research and analyze market trends to identify new business opportunities -…,"$6,000 - $7,000 a month",1h,https://www.simplyhired.com/job/it_oVN8qOIWt3SYT8QwQNpGeasvXHcSyxpBHmHmCXZXvzuJFMORxrg
Clinical Document Specialist,Talent Groups,Remote,"Collaborate closely with TMF specialists to guarantee the precision and timeliness of TMF filings for all GCS studies, especially in preparation for audits and…",Up to $60 an hour,22h,https://www.simplyhired.com/job/jz4Rh-0sY8z3TdkR_llmaAUAs-buZ7Y5472MmAwfblTcnYDqFhlNxA
Content Creator,Simply Earth,Remote,"In person or remote working options. You make a creative to sell one of your core products, see how it goes, and then make another one based on that data.",$17 - $35 an hour,21h,https://www.simplyhired.com/job/zzKusaF5LDWMCTQ5MRGhNQ1wiImBa6XEE9bEOJeF3ADWF122QgK31A
Hospitality & Maintenance Opportunity for a couple,Alaska Remote Lodge,Remote,- Solid mechanical aptitude; boat operation skills a plus*. An Alaska remote lodge is seeking an adventurous couple with a passion for the great outdoors and a…,"From $6,000 a month",3d,https://www.simplyhired.com/job/YCXwnR4S_Qel-BTwTLpKPoS7kkRkjeQKuI-YF-dt5fWV4tVM1rwGQg
Case Manager,"Bryson Law Firm, LLC",Remote,"As needed, a CM will perform other administrative tasks to include scanning, faxing, copying, sorting mail, and answering phones.",$18 - $22 an hour,20h,https://www.simplyhired.com/job/Adqh2ym7lbi6iMfy7F45IaIvOZlAdwAcBNJjHG6wipv7PTeS0YEArw
Creator Partnerships Assistant,DFTBA Records,Remote,"Monitor and manage email correspondence, responding to inquiries and requests regarding contracts, royalty reports and payments. Status: Full Time, Non-Exempt.",From $21 an hour,1d,https://www.simplyhired.com/job/sF1-E2G3aDvH9I3edw0XtilUBe66PX76FMOu57tVFGkvyTsy8fVQ-g
Brand Designer,Modern Health,Remote,"Experience working with web developer to develop website pages. Design and development of marketing materials, including: website pages, presentations, print…","$80,600 - $94,800 a year",14h,https://www.simplyhired.com/job/zQ6putR8ToNIq7MGPnO0Be4Z9GNt4cEn8wPC6x59L1UA_1T-Fn2omA
Handyman Advisor,Mended,Remote,"This is a fully remote position, expected to join a weekly call for 60 minutes. Must have 5+ years in residential handyman experience.",$30 - $50 an hour,22h,https://www.simplyhired.com/job/tbYViJsFsZW8DfVpvsHYY-My7olz0_IId7QcOeqOLdCBdcs6-s1oag
Remote Information Entry Clerk,Asap Systems,"Frisco, TX",Proficient in using data entry software and tools. Collaborate with team members to improve data entry processes. Resolve discrepancies and errors in data.,$25 an hour,1h,https://www.simplyhired.com/job/-uTTjV6cJRfGBhUJxX_mqNbIRR1Gt-yYkeczezMVHLPmF7sSUwVfgg
Remote Online Chat Support Agent,Asap Systems,"Modesto, CA","In this role, you will have the opportunity to assist customers with various inquiries, troubleshoot technical issues, and ensure a positive customer experience…",$24 an hour,1h,https://www.simplyhired.com/job/bRhOeZAzQgXxsRDv2BB39A3rfTm4zR8dnZ-Uu5SC_x_nZA8O9tkP1A
Produce (Fruit and Vegetable) Broker,Planet Harvest,Remote,Develop and implement effective sales strategies that emphasize the value and benefits of our services focusing on the food bank system.,"$90,000 - $120,000 a year",2d,https://www.simplyhired.com/job/IjTtRwi0mfjckIneVfc6RY3WHZw4c4O9AVDuGcj4MoEZ7ibOts1CcQ
Remote Records Processor,Asap Systems,"Newport News, VA",Maintaining physical and electronic filing systems. Assisting with the implementation of new record management systems and processes.,$25 an hour,1h,https://www.simplyhired.com/job/O8NqWLBpe1yfpugE8K8oZupFXQGEnFRnxsZ3g6wq47Ah5ZXA1EE0CA
Remote Customer Support Specialist,Asap Systems,"Germantown, MD","Respond to incoming customer inquiries via phone, email, and chat in a professional and timely manner. Diagnose and troubleshoot technical issues reported by…",$25 an hour,1h,https://www.simplyhired.com/job/To0kJwjtHEVrxRLEKBNKXVsL-U3IvVhiCLgwQ01ICCfvTRELQnl2Sg
Remote Data Processor,Asap Systems,"Glendale, CA",Strong attention to detail and accuracy in data entry. Generate reports and provide data analysis to support decision-making.,$25 an hour,1h,https://www.simplyhired.com/job/wlJcB_l6QBuzLcoGozOOyYimP_U9smyC6ywr48LWPt4_WrV9-7oODw
Data Processing Specialist - Remote/Office,Asap Systems,"Gresham, OR",Proficient in Microsoft Excel and other data analysis tools. Perform data entry tasks with a high level of accuracy and attention to detail.,$25 an hour,1h,https://www.simplyhired.com/job/z-7eV8VQi2cVr8LOm-e8m7cze8LSccV77M0_irjsVqAkyzTkbCjv2Q
Remote/ Office - Information Entry Analyst,HPA Strategies,"Miramar, FL","Proven experience in data entry or related field. Proficient in data entry software and tools. As an Information Entry Analyst, you will play a crucial role in…",$26 an hour,1h,https://www.simplyhired.com/job/_IO5M5qqRmgsRklVOcfqsYepJaVYST5XAmQ7KLv2gG7qhiANzUrKbg
Remote Contact Center Agent,Asap Systems,"Orlando, FL","Answer incoming calls and respond to customer inquiries or concerns in a professional and courteous manner. As a Contact Center Agent, you will be responsible…",$24 an hour,1h,https://www.simplyhired.com/job/4PV-Z2UPGNOjDKRjFjytVu3ttOdlywQY0i1pW1UN11Hb2RETEzRDRw
Live Chat Support Representative,The Driscoll Group,"Huntsville, AL","1-2 years of experience in customer support, preferably in a live chat or technical support role. Strong typing skills and accuracy (30+ wpm).",$17 - $21 an hour,1h,https://www.simplyhired.com/job/FaRm3WFAsO3DyMD9Wh8mY0KYo9J8pvOV6AugtuWIHlrxP0bWdj0xig
Remote Information Processing Clerk,Asap Systems,"Dayton, OH",Knowledge of data entry software and systems. Contribute to the development and implementation of data management policies and procedures.,$25 an hour,1h,https://www.simplyhired.com/job/vhFcU4SYlA5i8YbCU7x4kCrefR243WzYEQY6ceJEza03iJrZnTU3Gg
Data Administration Clerk - In Office or Home,HPA Strategies,"Columbia, MO",High school diploma or equivalent; additional certification in data administration is a plus. Proven experience in data entry or administrative role.,$26 an hour,1h,https://www.simplyhired.com/job/N4FqCwKxOyENnb1t5uzXR3dXO90cY12tPBoUgBa3fQvPhuoxzo5wfA
Remote Market Development Representative (Entry Level),Pierre Strand,Remote,\*\*Duties:\*\* - Engage in sales activities to drive company revenue and growth - Research and analyze market trends to identify new business opportunities -…,"$6,000 - $7,000 a month",1h,https://www.simplyhired.com/job/it_oVN8qOIWt3SYT8QwQNpGeasvXHcSyxpBHmHmCXZXvzuJFMORxrg
Clinical Document Specialist,Talent Groups,Remote,"Collaborate closely with TMF specialists to guarantee the precision and timeliness of TMF filings for all GCS studies, especially in preparation for audits and…",Up to $60 an hour,22h,https://www.simplyhired.com/job/jz4Rh-0sY8z3TdkR_llmaAUAs-buZ7Y5472MmAwfblTcnYDqFhlNxA
Content Creator,Simply Earth,Remote,"In person or remote working options. You make a creative to sell one of your core products, see how it goes, and then make another one based on that data.",$17 - $35 an hour,21h,https://www.simplyhired.com/job/zzKusaF5LDWMCTQ5MRGhNQ1wiImBa6XEE9bEOJeF3ADWF122QgK31A
Hospitality & Maintenance Opportunity for a couple,Alaska Remote Lodge,Remote,- Solid mechanical aptitude; boat operation skills a plus*. An Alaska remote lodge is seeking an adventurous couple with a passion for the great outdoors and a…,"From $6,000 a month",3d,https://www.simplyhired.com/job/YCXwnR4S_Qel-BTwTLpKPoS7kkRkjeQKuI-YF-dt5fWV4tVM1rwGQg
Case Manager,"Bryson Law Firm, LLC",Remote,"As needed, a CM will perform other administrative tasks to include scanning, faxing, copying, sorting mail, and answering phones.",$18 - $22 an hour,20h,https://www.simplyhired.com/job/Adqh2ym7lbi6iMfy7F45IaIvOZlAdwAcBNJjHG6wipv7PTeS0YEArw
Creator Partnerships Assistant,DFTBA Records,Remote,"Monitor and manage email correspondence, responding to inquiries and requests regarding contracts, royalty reports and payments. Status: Full Time, Non-Exempt.",From $21 an hour,1d,https://www.simplyhired.com/job/sF1-E2G3aDvH9I3edw0XtilUBe66PX76FMOu57tVFGkvyTsy8fVQ-g
Brand Designer,Modern Health,Remote,"Experience working with web developer to develop website pages. Design and development of marketing materials, including: website pages, presentations, print…","$80,600 - $94,800 a year",14h,https://www.simplyhired.com/job/zQ6putR8ToNIq7MGPnO0Be4Z9GNt4cEn8wPC6x59L1UA_1T-Fn2omA
Handyman Advisor,Mended,Remote,"This is a fully remote position, expected to join a weekly call for 60 minutes. Must have 5+ years in residential handyman experience.",$30 - $50 an hour,22h,https://www.simplyhired.com/job/tbYViJsFsZW8DfVpvsHYY-My7olz0_IId7QcOeqOLdCBdcs6-s1oag
Remote Information Entry Clerk,Asap Systems,"Frisco, TX",Proficient in using data entry software and tools. Collaborate with team members to improve data entry processes. Resolve discrepancies and errors in data.,$25 an hour,1h,https://www.simplyhired.com/job/-uTTjV6cJRfGBhUJxX_mqNbIRR1Gt-yYkeczezMVHLPmF7sSUwVfgg
Remote Online Chat Support Agent,Asap Systems,"Modesto, CA","In this role, you will have the opportunity to assist customers with various inquiries, troubleshoot technical issues, and ensure a positive customer experience…",$24 an hour,1h,https://www.simplyhired.com/job/bRhOeZAzQgXxsRDv2BB39A3rfTm4zR8dnZ-Uu5SC_x_nZA8O9tkP1A
Produce (Fruit and Vegetable) Broker,Planet Harvest,Remote,Develop and implement effective sales strategies that emphasize the value and benefits of our services focusing on the food bank system.,"$90,000 - $120,000 a year",2d,https://www.simplyhired.com/job/IjTtRwi0mfjckIneVfc6RY3WHZw4c4O9AVDuGcj4MoEZ7ibOts1CcQ
Remote Records Processor,Asap Systems,"Newport News, VA",Maintaining physical and electronic filing systems. Assisting with the implementation of new record management systems and processes.,$25 an hour,1h,https://www.simplyhired.com/job/O8NqWLBpe1yfpugE8K8oZupFXQGEnFRnxsZ3g6wq47Ah5ZXA1EE0CA
Remote Customer Support Specialist,Asap Systems,"Germantown, MD","Respond to incoming customer inquiries via phone, email, and chat in a professional and timely manner. Diagnose and troubleshoot technical issues reported by…",$25 an hour,1h,https://www.simplyhired.com/job/To0kJwjtHEVrxRLEKBNKXVsL-U3IvVhiCLgwQ01ICCfvTRELQnl2Sg
Remote Data Processor,Asap Systems,"Glendale, CA",Strong attention to detail and accuracy in data entry. Generate reports and provide data analysis to support decision-making.,$25 an hour,1h,https://www.simplyhired.com/job/wlJcB_l6QBuzLcoGozOOyYimP_U9smyC6ywr48LWPt4_WrV9-7oODw
Data Processing Specialist - Remote/Office,Asap Systems,"Gresham, OR",Proficient in Microsoft Excel and other data analysis tools. Perform data entry tasks with a high level of accuracy and attention to detail.,$25 an hour,1h,https://www.simplyhired.com/job/z-7eV8VQi2cVr8LOm-e8m7cze8LSccV77M0_irjsVqAkyzTkbCjv2Q
Remote/ Office - Information Entry Analyst,HPA Strategies,"Miramar, FL","Proven experience in data entry or related field. Proficient in data entry software and tools. As an Information Entry Analyst, you will play a crucial role in…",$26 an hour,1h,https://www.simplyhired.com/job/_IO5M5qqRmgsRklVOcfqsYepJaVYST5XAmQ7KLv2gG7qhiANzUrKbg
Remote Contact Center Agent,Asap Systems,"Orlando, FL","Answer incoming calls and respond to customer inquiries or concerns in a professional and courteous manner. As a Contact Center Agent, you will be responsible…",$24 an hour,1h,https://www.simplyhired.com/job/4PV-Z2UPGNOjDKRjFjytVu3ttOdlywQY0i1pW1UN11Hb2RETEzRDRw
Live Chat Support Representative,The Driscoll Group,"Huntsville, AL","1-2 years of experience in customer support, preferably in a live chat or technical support role. Strong typing skills and accuracy (30+ wpm).",$17 - $21 an hour,1h,https://www.simplyhired.com/job/FaRm3WFAsO3DyMD9Wh8mY0KYo9J8pvOV6AugtuWIHlrxP0bWdj0xig
Remote Information Processing Clerk,Asap Systems,"Dayton, OH",Knowledge of data entry software and systems. Contribute to the development and implementation of data management policies and procedures.,$25 an hour,1h,https://www.simplyhired.com/job/vhFcU4SYlA5i8YbCU7x4kCrefR243WzYEQY6ceJEza03iJrZnTU3Gg
Data Administration Clerk - In Office or Home,HPA Strategies,"Columbia, MO",High school diploma or equivalent; additional certification in data administration is a plus. Proven experience in data entry or administrative role.,$26 an hour,1h,https://www.simplyhired.com/job/N4FqCwKxOyENnb1t5uzXR3dXO90cY12tPBoUgBa3fQvPhuoxzo5wfA
Remote Market Development Representative (Entry Level),Pierre Strand,Remote,\*\*Duties:\*\* - Engage in sales activities to drive company revenue and growth - Research and analyze market trends to identify new business opportunities -…,"$6,000 - $7,000 a month",1h,https://www.simplyhired.com/job/it_oVN8qOIWt3SYT8QwQNpGeasvXHcSyxpBHmHmCXZXvzuJFMORxrg
Clinical Document Specialist,Talent Groups,Remote,"Collaborate closely with TMF specialists to guarantee the precision and timeliness of TMF filings for all GCS studies, especially in preparation for audits and…",Up to $60 an hour,22h,https://www.simplyhired.com/job/jz4Rh-0sY8z3TdkR_llmaAUAs-buZ7Y5472MmAwfblTcnYDqFhlNxA
Content Creator,Simply Earth,Remote,"In person or remote working options. You make a creative to sell one of your core products, see how it goes, and then make another one based on that data.",$17 - $35 an hour,21h,https://www.simplyhired.com/job/zzKusaF5LDWMCTQ5MRGhNQ1wiImBa6XEE9bEOJeF3ADWF122QgK31A
Hospitality & Maintenance Opportunity for a couple,Alaska Remote Lodge,Remote,- Solid mechanical aptitude; boat operation skills a plus*. An Alaska remote lodge is seeking an adventurous couple with a passion for the great outdoors and a…,"From $6,000 a month",3d,https://www.simplyhired.com/job/YCXwnR4S_Qel-BTwTLpKPoS7kkRkjeQKuI-YF-dt5fWV4tVM1rwGQg
Case Manager,"Bryson Law Firm, LLC",Remote,"As needed, a CM will perform other administrative tasks to include scanning, faxing, copying, sorting mail, and answering phones.",$18 - $22 an hour,20h,https://www.simplyhired.com/job/Adqh2ym7lbi6iMfy7F45IaIvOZlAdwAcBNJjHG6wipv7PTeS0YEArw
Creator Partnerships Assistant,DFTBA Records,Remote,"Monitor and manage email correspondence, responding to inquiries and requests regarding contracts, royalty reports and payments. Status: Full Time, Non-Exempt.",From $21 an hour,1d,https://www.simplyhired.com/job/sF1-E2G3aDvH9I3edw0XtilUBe66PX76FMOu57tVFGkvyTsy8fVQ-g
Brand Designer,Modern Health,Remote,"Experience working with web developer to develop website pages. Design and development of marketing materials, including: website pages, presentations, print…","$80,600 - $94,800 a year",14h,https://www.simplyhired.com/job/zQ6putR8ToNIq7MGPnO0Be4Z9GNt4cEn8wPC6x59L1UA_1T-Fn2omA
Handyman Advisor,Mended,Remote,"This is a fully remote position, expected to join a weekly call for 60 minutes. Must have 5+ years in residential handyman experience.",$30 - $50 an hour,22h,https://www.simplyhired.com/job/tbYViJsFsZW8DfVpvsHYY-My7olz0_IId7QcOeqOLdCBdcs6-s1oag
Remote Information Entry Clerk,Asap Systems,"Frisco, TX",Proficient in using data entry software and tools. Collaborate with team members to improve data entry processes. Resolve discrepancies and errors in data.,$25 an hour,1h,https://www.simplyhired.com/job/-uTTjV6cJRfGBhUJxX_mqNbIRR1Gt-yYkeczezMVHLPmF7sSUwVfgg
Remote Online Chat Support Agent,Asap Systems,"Modesto, CA","In this role, you will have the opportunity to assist customers with various inquiries, troubleshoot technical issues, and ensure a positive customer experience…",$24 an hour,1h,https://www.simplyhired.com/job/bRhOeZAzQgXxsRDv2BB39A3rfTm4zR8dnZ-Uu5SC_x_nZA8O9tkP1A
Produce (Fruit and Vegetable) Broker,Planet Harvest,Remote,Develop and implement effective sales strategies that emphasize the value and benefits of our services focusing on the food bank system.,"$90,000 - $120,000 a year",2d,https://www.simplyhired.com/job/IjTtRwi0mfjckIneVfc6RY3WHZw4c4O9AVDuGcj4MoEZ7ibOts1CcQ
Remote Records Processor,Asap Systems,"Newport News, VA",Maintaining physical and electronic filing systems. Assisting with the implementation of new record management systems and processes.,$25 an hour,1h,https://www.simplyhired.com/job/O8NqWLBpe1yfpugE8K8oZupFXQGEnFRnxsZ3g6wq47Ah5ZXA1EE0CA
Remote Customer Support Specialist,Asap Systems,"Germantown, MD","Respond to incoming customer inquiries via phone, email, and chat in a professional and timely manner. Diagnose and troubleshoot technical issues reported by…",$25 an hour,1h,https://www.simplyhired.com/job/To0kJwjtHEVrxRLEKBNKXVsL-U3IvVhiCLgwQ01ICCfvTRELQnl2Sg
Remote Data Processor,Asap Systems,"Glendale, CA",Strong attention to detail and accuracy in data entry. Generate reports and provide data analysis to support decision-making.,$25 an hour,1h,https://www.simplyhired.com/job/wlJcB_l6QBuzLcoGozOOyYimP_U9smyC6ywr48LWPt4_WrV9-7oODw
Data Processing Specialist - Remote/Office,Asap Systems,"Gresham, OR",Proficient in Microsoft Excel and other data analysis tools. Perform data entry tasks with a high level of accuracy and attention to detail.,$25 an hour,1h,https://www.simplyhired.com/job/z-7eV8VQi2cVr8LOm-e8m7cze8LSccV77M0_irjsVqAkyzTkbCjv2Q
Remote/ Office - Information Entry Analyst,HPA Strategies,"Miramar, FL","Proven experience in data entry or related field. Proficient in data entry software and tools. As an Information Entry Analyst, you will play a crucial role in…",$26 an hour,1h,https://www.simplyhired.com/job/_IO5M5qqRmgsRklVOcfqsYepJaVYST5XAmQ7KLv2gG7qhiANzUrKbg
Remote Contact Center Agent,Asap Systems,"Orlando, FL","Answer incoming calls and respond to customer inquiries or concerns in a professional and courteous manner. As a Contact Center Agent, you will be responsible…",$24 an hour,1h,https://www.simplyhired.com/job/4PV-Z2UPGNOjDKRjFjytVu3ttOdlywQY0i1pW1UN11Hb2RETEzRDRw
Live Chat Support Representative,The Driscoll Group,"Huntsville, AL","1-2 years of experience in customer support, preferably in a live chat or technical support role. Strong typing skills and accuracy (30+ wpm).",$17 - $21 an hour,1h,https://www.simplyhired.com/job/FaRm3WFAsO3DyMD9Wh8mY0KYo9J8pvOV6AugtuWIHlrxP0bWdj0xig
Remote Information Processing Clerk,Asap Systems,"Dayton, OH",Knowledge of data entry software and systems. Contribute to the development and implementation of data management policies and procedures.,$25 an hour,1h,https://www.simplyhired.com/job/vhFcU4SYlA5i8YbCU7x4kCrefR243WzYEQY6ceJEza03iJrZnTU3Gg
Data Administration Clerk - In Office or Home,HPA Strategies,"Columbia, MO",High school diploma or equivalent; additional certification in data administration is a plus. Proven experience in data entry or administrative role.,$26 an hour,1h,https://www.simplyhired.com/job/N4FqCwKxOyENnb1t5uzXR3dXO90cY12tPBoUgBa3fQvPhuoxzo5wfA
Remote Market Development Representative (Entry Level),Pierre Strand,Remote,\*\*Duties:\*\* - Engage in sales activities to drive company revenue and growth - Research and analyze market trends to identify new business opportunities -…,"$6,000 - $7,000 a month",1h,https://www.simplyhired.com/job/it_oVN8qOIWt3SYT8QwQNpGeasvXHcSyxpBHmHmCXZXvzuJFMORxrg
Clinical Document Specialist,Talent Groups,Remote,"Collaborate closely with TMF specialists to guarantee the precision and timeliness of TMF filings for all GCS studies, especially in preparation for audits and…",Up to $60 an hour,22h,https://www.simplyhired.com/job/jz4Rh-0sY8z3TdkR_llmaAUAs-buZ7Y5472MmAwfblTcnYDqFhlNxA
Content Creator,Simply Earth,Remote,"In person or remote working options. You make a creative to sell one of your core products, see how it goes, and then make another one based on that data.",$17 - $35 an hour,21h,https://www.simplyhired.com/job/zzKusaF5LDWMCTQ5MRGhNQ1wiImBa6XEE9bEOJeF3ADWF122QgK31A
Hospitality & Maintenance Opportunity for a couple,Alaska Remote Lodge,Remote,- Solid mechanical aptitude; boat operation skills a plus*. An Alaska remote lodge is seeking an adventurous couple with a passion for the great outdoors and a…,"From $6,000 a month",3d,https://www.simplyhired.com/job/YCXwnR4S_Qel-BTwTLpKPoS7kkRkjeQKuI-YF-dt5fWV4tVM1rwGQg
Case Manager,"Bryson Law Firm, LLC",Remote,"As needed, a CM will perform other administrative tasks to include scanning, faxing, copying, sorting mail, and answering phones.",$18 - $22 an hour,20h,https://www.simplyhired.com/job/Adqh2ym7lbi6iMfy7F45IaIvOZlAdwAcBNJjHG6wipv7PTeS0YEArw
Creator Partnerships Assistant,DFTBA Records,Remote,"Monitor and manage email correspondence, responding to inquiries and requests regarding contracts, royalty reports and payments. Status: Full Time, Non-Exempt.",From $21 an hour,1d,https://www.simplyhired.com/job/sF1-E2G3aDvH9I3edw0XtilUBe66PX76FMOu57tVFGkvyTsy8fVQ-g
Brand Designer,Modern Health,Remote,"Experience working with web developer to develop website pages. Design and development of marketing materials, including: website pages, presentations, print…","$80,600 - $94,800 a year",14h,https://www.simplyhired.com/job/zQ6putR8ToNIq7MGPnO0Be4Z9GNt4cEn8wPC6x59L1UA_1T-Fn2omA
Handyman Advisor,Mended,Remote,"This is a fully remote position, expected to join a weekly call for 60 minutes. Must have 5+ years in residential handyman experience.",$30 - $50 an hour,22h,https://www.simplyhired.com/job/tbYViJsFsZW8DfVpvsHYY-My7olz0_IId7QcOeqOLdCBdcs6-s1oag
Remote Information Entry Clerk,Asap Systems,"Frisco, TX",Proficient in using data entry software and tools. Collaborate with team members to improve data entry processes. Resolve discrepancies and errors in data.,$25 an hour,1h,https://www.simplyhired.com/job/-uTTjV6cJRfGBhUJxX_mqNbIRR1Gt-yYkeczezMVHLPmF7sSUwVfgg
